Bitcoin,BTCUSDT
Ethereum,ETHUSDT
Bitcoin,BTCUSDT
Dogecoin,DOGEUSDT
Dogecoin,DOGEUSDT
Ethereum,ETHUSDT
Cardano,ADAUSDT
Cardano,ADAUSDT
XRP,XRPUSDT
Binance USD,BUSDUSDT
Elrond,EGLDUSDT
Polkadot,DOTUSDT
Elrond,EGLDUSDT
Binance Coin,BNBUSDT
Binance Coin,BNBUSDT
Stellar,XLMUSDT
Aave,AAVEUSDT
XRP,XRPUSDT
Polkadot,DOTUSDT
Litecoin,LTCUSDT
EOS,EOSUSDT
Chainlink,LINKUSDT
Avalanche,AVAXUSDT
Uniswap,UNIUSDT
Stellar,XLMUSDT
SushiSwap,SUSHIUSDT
Bitcoin Cash,BCHUSDT
Swipe,SXPUSDT
Aave,AAVEUSDT
Maker,MKRUSDT
Litecoin,LTCUSDT
EOS,EOSUSDT
Swipe,SXPUSDT
The Graph,GRTUSDT
Avalanche,AVAXUSDT
TRON,TRXUSDT
Chainlink,LINKUSDT
Cosmos,ATOMUSDT
1inch,1INCHUSDT
USD Coin,USDCUSDT
Cosmos,ATOMUSDT
Litentry,LITUSDT
SushiSwap,SUSHIUSDT
The Graph,GRTUSDT
SafePal,SFPUSDT
Euro,EURUSDT
Bitcoin Cash,BCHUSDT
Alpha Finance Lab,ALPHAUSDT
Uniswap,UNIUSDT
TRON,TRXUSDT
Curve DAO Token,CRVUSDT
0x,ZRXUSDT
Compound,COMPUSDT
Terra,LUNAUSDT
Algorand,ALGOUSDT
Matic Network,MATICUSDT
Tezos,XTZUSDT
1inch,1INCHUSDT
Matic Network,MATICUSDT
Solana,SOLUSDT
Ethereum Classic,ETCUSDT
0x,ZRXUSDT
Alpha Finance Lab,ALPHAUSDT
THETA,THETAUSDT
Filecoin,FILUSDT
yearn.finance,YFIUSDT
Synthetix,SNXUSDT
THETA,THETAUSDT
THORChain,RUNEUSDT
OMG Network,OMGUSDT
Algorand,ALGOUSDT
Ontology,ONTUSDT
Reef,REEFUSDT
Ontology,ONTUSDT
VeChain,VETUSDT
NEM,XEMUSDT
VeChain,VETUSDT
Curve DAO Token,CRVUSDT
ETHUP,ETHUPUSDT
Qtum,QTUMUSDT
Band Protocol,BANDUSDT
Kava.io,KAVAUSDT
BTCUP,BTCUPUSDT
Basic Attention Token,BATUSDT
Kyber Network,KNCUSDT
OMG Network,OMGUSDT
Solana,SOLUSDT
Qtum,QTUMUSDT
THORChain,RUNEUSDT
Tether,USDTTRY
Akropolis,AKROUSDT
Filecoin,FILUSDT
NEAR Protocol,NEARUSDT
IOST,IOSTUSDT
Venus,XVSUSDT
Kusama,KSMUSDT
Serum,SRMUSDT
Trust Wallet Token,TWTUSDT
Bella Protocol,BELUSDT
Tezos,XTZUSDT
Reserve Rights,RSRUSDT
Flamingo,FLMUSDT
NEAR Protocol,NEARUSDT
DFI.Money,YFIIUSDT
IOTA,IOTAUSDT
Waves,WAVESUSDT
Neo,NEOUSDT
Balancer,BALUSDT
Ren,RENUSDT
Neo,NEOUSDT
Pound Sterling,GBPUSDT
Ocean Protocol,OCEANUSDT
Ethereum Classic,ETCUSDT
Ankr,ANKRUSDT
Zcash,ZECUSDT
Synthetix,SNXUSDT
Tellor,TRBUSDT
Monero,XMRUSDT
Ankr,ANKRUSDT
Zilliqa,ZILUSDT
Maker,MKRUSDT
IOTA,IOTAUSDT
Fantom,FTMUSDT
Basic Attention Token,BATUSDT
bZx Protocol,BZRXUSDT
The Sandbox,SANDUSDT
IOST,IOSTUSDT
Kava.io,KAVAUSDT
Ren,RENUSDT
The Sandbox,SANDUSDT
Band Protocol,BANDUSDT
Compound,COMPUSDT
Zcash,ZECUSDT
yearn.finance,YFIUSDT
Loopring,LRCUSDT
TomoChain,TOMOUSDT
Serum,SRMUSDT
Fetch.ai,FETUSDT
Zilliqa,ZILUSDT
Dash,DASHUSDT
ADAUP,ADAUPUSDT
Reserve Rights,RSRUSDT
SKALE Network,SKLUSDT
Dash,DASHUSDT
Ocean Protocol,OCEANUSDT
Fantom,FTMUSDT
Waves,WAVESUSDT
XRPUP,XRPUPUSDT
SUN,SUNUSDT
DFI.Money,YFIIUSDT
Akropolis,AKROUSDT
iExec RLC,RLCUSDT
Storj,STORJUSDT
Balancer,BALUSDT
CertiK,CTKUSDT
Loopring,LRCUSDT
Unifi Protocol DAO,UNFIUSDT
Kyber Network,KNCUSDT
Decentraland,MANAUSDT
Enjin Coin,ENJUSDT
SXPUP,SXPUPUSDT
Civic,CVCUSDT
ICON,ICXUSDT
Axie Infinity,AXSUSDT
Monero,XMRUSDT
Kusama,KSMUSDT
Hedera Hashgraph,HBARUSDT
AAVEUP,AAVEUPUSDT
StormX,STMXUSDT
Mainframe,MFTUSDT
BTCDOWN,BTCDOWNUSDT
Bella Protocol,BELUSDT
Horizen,ZENUSDT
Helium,HNTUSDT
ICON,ICXUSDT
Flamingo,FLMUSDT
SUSHIUP,SUSHIUPUSDT
Enjin Coin,ENJUSDT
Oasis Network,ROSEUSDT
BitTorrent,BTTUSDT
Tellor,TRBUSDT
DOTUP,DOTUPUSDT
XLMUP,XLMUPUSDT
ETHDOWN,ETHDOWNUSDT
Chiliz,CHZUSDT
Bluzelle,BLZUSDT
XTZUP,XTZUPUSDT
Tether,USDTDAI
Injective Protocol,INJUSDT
TomoChain,TOMOUSDT
Civic,CVCUSDT
Ravencoin,RVNUSDT
TrueUSD,TUSDUSDT
TRXUP,TRXUPUSDT
Audius,AUDIOUSDT
UMA,UMAUSDT
Australian Dollar,AUDUSDT
bZx Protocol,BZRXUSDT
SKALE Network,SKLUSDT
COTI,COTIUSDT
Measurable Data Token,MDTUSDT
CertiK,CTKUSDT
HARD Protocol,HARDUSDT
EOSUP,EOSUPUSDT
Nervos Network,CKBUSDT
DigiByte,DGBUSDT
Origin Protocol,OGNUSDT
Chiliz,CHZUSDT
Celo,CELOUSDT
Stacks,STXUSDT
DIA,DIAUSDT
LINKUP,LINKUPUSDT
Paxos Standard,PAXUSDT
ADADOWN,ADADOWNUSDT
Horizen,ZENUSDT
BitShares,BTSUSDT
RSK Infrastructure Framework,RIFUSDT
Axie Infinity,AXSUSDT
FIO Protocol,FIOUSDT
Harmony,ONEUSDT
Nano,NANOUSDT
UNIUP,UNIUPUSDT
BNBDOWN,BNBDOWNUSDT
Storj,STORJUSDT
Theta Fuel,TFUELUSDT
LTCUP,LTCUPUSDT
Celer Network,CELRUSDT
iExec RLC,RLCUSDT
district0x,DNTUSDT
FunFair,FUNUSDT
pNetwork,PNTUSDT
Siacoin,SCUSDT
BNBUP,BNBUPUSDT
TrueFi,TRUUSDT